Title,Description,Number of Posts
daily zen,www.thedailyzen.org,7500
Cats Will Eat You,"A real living artist. <a href=""http://www.catswilleatyou.com"">catswilleatyou.com</a>",1487
Michaelshawart82,Sharing my art with the world.. Hope to meet fellow artist and get inspired my Instagram is @michaelshawart82 and my shop is artistrybymichaelphillipshaw.bigcartel.com,493
No Title,Twitter - @dac1971,55453
No Title,No description,167
Chaos is where we all strive!,No description,490
The Millennial Witch,Sarah. 23. Lunar Witch. Blue Ridge Mountains. ‚òÄÔ∏è Virgo üåô Scorpio,17857
New Age Hipster,"Hi! I'm Vix! Tarot + Angel Card Reader, YA novelist and mother of cat.x",1022
Alistair The Magician,<p>Multi talented British Magician. World class close-up magic. Crazy Children's Magic. Comedy Hypnotist. Speaker/Trainer &amp; Author. Now in Dubai U.A.E.</p>,189
BenBrowne82,No description,490
